date,session_id,duration_min,compaction_count,branch,notes
2026-02-20,38383,unknown,unknown,feature/epic15b-continued-refactoring,
2026-02-23,21324,unknown,unknown,feature/epic15b-continued-refactoring,
2026-02-23,39171,unknown,unknown,feature/epic15b-continued-refactoring,
2026-02-23,41625,unknown,unknown,feature/epic15b-continued-refactoring,
2026-02-23,46662,unknown,unknown,feature/epic15b-continued-refactoring,
2026-02-23,49064,unknown,unknown,feature/epic15b-continued-refactoring,
2026-02-23,52784,unknown,unknown,feature/epic15b-continued-refactoring,
2026-02-23,53135,unknown,unknown,feature/epic15b-continued-refactoring,
2026-02-23,54884,unknown,unknown,feature/epic15b-continued-refactoring,
2026-02-23,55385,unknown,unknown,feature/epic15b-continued-refactoring,
2026-02-23,57264,unknown,unknown,feature/epic15b-continued-refactoring,
2026-02-23,61750,unknown,unknown,feature/epic15b-continued-refactoring,
2026-02-23,62671,unknown,unknown,feature/epic15b-continued-refactoring,
2026-02-23,65833,unknown,unknown,feature/epic15b-continued-refactoring,
2026-02-23,68138,unknown,unknown,feature/epic15b-continued-refactoring,
2026-02-23,75916,unknown,unknown,feature/epic15b-continued-refactoring,
2026-02-23,78401,unknown,unknown,feature/epic15b-continued-refactoring,
2026-02-23,79033,unknown,unknown,feature/epic15b-continued-refactoring,
2026-02-23,79697,unknown,unknown,feature/epic15b-continued-refactoring,
2026-02-23,80628,unknown,unknown,feature/epic15b-continued-refactoring,
2026-02-23,81696,unknown,unknown,feature/epic15b-continued-refactoring,
2026-02-23,93272,unknown,unknown,feature/epic15b-continued-refactoring,
2026-02-23,108635,unknown,unknown,feature/epic15b-continued-refactoring,
2026-02-23,108758,unknown,unknown,feature/epic15b-continued-refactoring,
2026-02-23,108853,unknown,unknown,feature/epic15b-continued-refactoring,
2026-02-23,108923,unknown,unknown,feature/epic15b-continued-refactoring,
2026-02-23,108992,unknown,unknown,feature/epic15b-continued-refactoring,
2026-02-23,115167,unknown,unknown,feature/epic15b-continued-refactoring,
2026-02-23,184313,unknown,unknown,feature/epic15b-continued-refactoring,
2026-02-23,186531,unknown,unknown,feature/epic15b-continued-refactoring,
2026-02-23,187565,unknown,unknown,feature/epic15b-continued-refactoring,
2026-02-23,193023,unknown,unknown,feature/epic15b-continued-refactoring,
2026-02-23,193693,unknown,unknown,feature/epic15b-continued-refactoring,
2026-02-23,193806,unknown,unknown,feature/epic15b-continued-refactoring,
2026-02-23,203196,unknown,unknown,feature/epic15b-continued-refactoring,
2026-02-23,288392,unknown,unknown,feature/epic15b-continued-refactoring,
2026-02-23,296678,unknown,unknown,feature/epic15b-continued-refactoring,
2026-02-23,308773,unknown,unknown,feature/epic15b-continued-refactoring,
2026-02-23,337795,unknown,unknown,feature/epic15b-continued-refactoring,
2026-02-23,415586,unknown,unknown,feature/epic15b-continued-refactoring,
2026-02-23,422493,unknown,unknown,feature/epic15b-continued-refactoring,
2026-02-23,432358,unknown,unknown,feature/epic15b-continued-refactoring,
2026-02-23,440251,unknown,unknown,feature/epic15b-continued-refactoring,
2026-02-23,440952,unknown,unknown,feature/epic15b-continued-refactoring,
2026-02-23,458977,unknown,unknown,feature/epic15b-continued-refactoring,
2026-02-23,459564,unknown,unknown,feature/epic15b-continued-refactoring,
2026-02-23,460785,unknown,unknown,feature/epic15b-continued-refactoring,
2026-02-23,481512,unknown,unknown,feature/epic15b-continued-refactoring,
2026-02-23,493115,unknown,unknown,feature/epic15b-continued-refactoring,
2026-02-23,503028,unknown,unknown,feature/epic15b-continued-refactoring,
2026-02-23,506431,unknown,unknown,feature/epic15b-continued-refactoring,
2026-02-23,508459,unknown,unknown,feature/epic15b-continued-refactoring,
2026-02-23,525550,unknown,unknown,feature/epic15b-continued-refactoring,
2026-02-23,531406,unknown,unknown,feature/epic15b-continued-refactoring,
2026-02-23,640142,unknown,unknown,feature/epic15b-continued-refactoring,
2026-02-23,648377,unknown,unknown,feature/epic15b-continued-refactoring,
2026-02-23,654205,unknown,unknown,feature/epic15b-continued-refactoring,
2026-02-23,659084,unknown,unknown,feature/epic15b-continued-refactoring,
2026-02-23,670594,unknown,unknown,feature/epic15b-continued-refactoring,
2026-02-23,674754,unknown,unknown,feature/epic15b-continued-refactoring,
2026-02-23,675051,unknown,unknown,feature/epic15b-continued-refactoring,
2026-02-23,675435,unknown,unknown,feature/epic15b-continued-refactoring,
2026-02-23,680066,unknown,unknown,feature/epic15b-continued-refactoring,
2026-02-23,692335,unknown,unknown,feature/epic15b-continued-refactoring,
2026-02-23,696342,unknown,unknown,feature/epic15b-continued-refactoring,
2026-02-23,698509,unknown,unknown,feature/epic15b-continued-refactoring,
2026-02-24,715309,unknown,unknown,feature/epic15b-continued-refactoring,
2026-02-24,721148,unknown,unknown,feature/epic15b-continued-refactoring,
2026-02-24,724903,unknown,unknown,feature/epic15b-continued-refactoring,
2026-02-24,728036,unknown,unknown,feature/epic15b-continued-refactoring,
